id,group,kind,label,plural,unlock,template,review,unit,lower,bare,percentOfOne,notes
maxHp,the seal,flat,max HP,,,,TRUE,,,,,
maxSpeed,the seal,percent,max speed,,,,TRUE,,,,,
pickupRadius,the seal,percent,pickup radius,,,,TRUE,,,,,
chumGulpRadius,the seal,percent,gulp radius,,,,TRUE,,,,,
regenPerSec,the seal,flat,HP/sec,,,,TRUE,,,,,
maxOxygen,the seal,flat,max oxygen,,,,TRUE,,,,,
oxygenRefillRate,the seal,percent,surface refill speed,,,,TRUE,,,,,
fireRate,the gun,percent,fire rate,,,,TRUE,,TRUE,,,
damage,the gun,percent,projectile damage,,,,TRUE,,,,,
speed,the gun,percent,projectile speed,,,,TRUE,,,,,
multishot,the gun,count,projectile,,,,TRUE,,,,,
pierce,the gun,count,enemy,enemies,,,TRUE,,,,,"Reads as the tail of a sentence — ""Bullets pierce {effect}"" — because that is the shape the card has always had."
projectileLifeMul,cross-cutting,percent,[DRAFT] projectile lifetime,,,,,,,,,"André 3000's stat. Names how long everything the seal fires stays in the water — the card reads as a bare {effect}, so this label IS the card (""+25% <label>""). Two or three words, and it has to cover missiles and thrown shells as well as the gun, not just the pebbles."
recoil,the gun,percent,recoil boost,,,,TRUE,,,,,"Sits at 0 by default, so recoil *= 1.3 measures as no change at all and {effect} correctly declines to claim one. The label is here for the day the base is raised off zero."
projectileBonus,the gun,count,of everything you fire,,,,TRUE,,,TRUE,,"bare: the label is already a whole phrase (""of everything you fire""), so no noun is appended."
orbiterBonus,the gun,count,of everything that circles you,,,,TRUE,,,TRUE,,
strikeDamage,the strike,percent,strike damage,,,,TRUE,,,,,
strikeChainMul,the strike,percent,chain damage,,,,TRUE,,,,,
strikeDashSpeed,the strike,percent,dash speed,,,,TRUE,,,,,
strikeDashDuration,the strike,percent,dash length,,,,TRUE,,,,,
strikeChargeTime,the strike,percent,charge speed,,,,TRUE,,TRUE,,,
strikeChumRefill,the strike,flat,meter per chum,,,,TRUE,,,,TRUE,"percentOfOne: the stat is a fraction of a meter, so it reads better as a percentage of the thing it fills than as ""+0.15""."
shrapnelCount,the strike,count,fragment,,,,TRUE,,,,,
breachChainLevel,the strike,count,link per breach,,,,TRUE,,,,,
aoeMul,cross-cutting,percent,"blast, aura and wave size",,,,TRUE,,,,,
targetingMul,cross-cutting,percent,targeting range,,,,TRUE,,,,,
companionScale,cross-cutting,percent,companion size,,,,TRUE,,,,,
companionDamageMul,cross-cutting,percent,companion damage,,,,TRUE,,,,,
biolumLevel,cross-cutting,level,element,,an element on your shots and strike,,TRUE,,,,,
bounceLevel,ricochet,level,ricochet,,a chaining ricochet shot,,TRUE,,,,,
bounceFireRate,ricochet,percent,ricochet fire rate,,,,TRUE,,TRUE,,,
bounceLife,ricochet,flat,ricochet lifespan,,,,TRUE,s,,,,
bounceMaxBounces,ricochet,count,bounce,,,,TRUE,,,,,
missileCount,counted,count,seeking mussel,,,,TRUE,,,,,
shrimpCount,counted,count,orbiting shrimp,orbiting shrimp,,,TRUE,,,,,
scallopCount,counted,count,wild scallop,,,,TRUE,,,,,
garlicLevel,,level,sea garlic,,a damaging aura,,TRUE,,,,,
eelLevel,,level,electric eel,,chain lightning,,TRUE,,,,,
laserEyesLevel,,level,laser eyes,,eye beams,,TRUE,,,,,
starfishLevel,,level,starfish,,rapid thrown starfish,,TRUE,,,,,
seagullLevel,,level,seagull,,homing dive-bombers,,TRUE,,,,,
belugaLevel,,level,beluga,,a bubble that traps enemies,,TRUE,,,,,
sealTeamLevel,,count,escort seal,,,,TRUE,,,,,
bakalarLevel,,level,Bakalar's boat,,a net full of bombs,,TRUE,,,,,
calamariLevel,,level,calamari ring,,rings of fried squid,,TRUE,,,,,
dumboLevel,,level,dumbo octopus,,a charm on nearby enemies,,TRUE,,,,,
harpLevel,,level,harp seal,,notes that charm the biggest enemy near you,,TRUE,,,,,
oysterLevel,,level,oyster blaster,,bursting pearls,,TRUE,,,,,
razorClamLevel,,level,razor clam,,a spray of razor sharp razor clam blades,,TRUE,,,,,
octoGrabLevel,,level,octopus grabber,,"an octopus buddy that reels in fish, and pops them into chum for you, {player}",,TRUE,,,,,
orcaLevel,,level,orca family,,3 orca buddies who will attack yachts and other orca opps.,,TRUE,,,,,
dolphinPodLevel,,level,dolphin pod,,a pod of dolphins working the surface,,TRUE,,,,,"The card that raises this is a STUB — disabled in upgrades.csv, and no system reads the stat yet (see CONFIG.upgrades.dolphinPod). The label is here anyway because npm run test:text fails on a stat without one: the day the card is switched on, its {effect} has to render as English rather than as dolphinPodLevel."
musselVolleyLevel,,level,mussel barrage,,"on perfect strike, launches a bearded barrage of mussel munitions",,TRUE,,,,,
clubLevel,,level,club,,a club in your fin slot.,,TRUE,,,,,
clubThrowLevel,,level,thrown club,,hurled homing clubs on a strike,,TRUE,,,,,
clubBoomLevel,,level,club blast,,every club hit detonates,,TRUE,,,,,
clubIceLevel,,level,club ice,,chill and freeze your opps,,TRUE,,,,,
clubCount,the bouncer,count,club,,,,TRUE,,,,,"The Bouncer's four. Percentages rather than a level, because the card is a multiplier on a class rather than a level of anything — there is no ""club power 3"" to name, only the numbers it moved."
clubDamageMul,the bouncer,percent,club damage,,,,TRUE,,,,,
clubKnockMul,the bouncer,percent,club knockback,,,,TRUE,,,,,
clubReachMul,the bouncer,percent,club reach,,,,TRUE,,,,,
homingShotLevel,,level,sonar teeth,,"shots that seek, favouring the biggest body in reach",,TRUE,,,,,
maneaterLevel,stack-counters,level,maneater,,a taste for swimmers — every one you eat raises all your damage,,TRUE,,,,,"Counts stacks and nothing else, deliberately: what a stack is WORTH depends on a running total, which is not visible from inside apply(). See applyDamageScaling in stats.js. That makes `level` the honest kind — {effect} would otherwise have to invent a number, which is the exact failure the measured descriptions exist to prevent."
ironLungLevel,stack-counters,level,iron lung,,all damage scaling with your maximum oxygen,,TRUE,,,,,"Same as maneater: worth depends on a stat other cards move (max oxygen), so a measured number here would be a lie. Counts stacks only."
