id,name,desc,levelDescs,review,maxStacks,enabled,weight,cardArt,sfx,weaponName,weaponNameLaser
rapidFire,Supa Dupa Seal,Shoot faster.,,,8,TRUE,1,Beach_001,,Rapid Pebbles,Pew Pew Pew
heavyRounds,André the Giant,Hit harder.,,,,TRUE,1,Beach_002,,Giant Pebbles,Bigger Lasers
flippersUp,Flippers Up!,Upgrade a fin blaster.,,,6,TRUE,1,SeaLion,,,
overboost,None,,,,,FALSE,1,Beach_003,,,
maxSpeed,Speedy Seal,Speed up!,,,3,TRUE,1,OpeanOcean_001,,,
multishot,Pocket Full of Stones,More shots per fin.,,,8,TRUE,1,Beach_003,,Cloned Pebbles,More Lasers
projectileLife,André 3000,Shoot longer.,,,4,TRUE,1,OpeanOcean_003,,Piercing Pebbles,Piercing Beams
vitality,Healthy Pup!,Health up.,,,,TRUE,1,Beach_001,,,
magnet,C.H.U.M.,Carnivorous Hangry Underwater Mammals,,,,TRUE,1,MoorishIdol,,,
regen,Seal all Wounds,Health regen.,,,5,TRUE,1,Beach_003,,,
velocity,Seal the Deal,Shots travel quicker.,,,,TRUE,1,OpeanOcean_003,,Swift Pebbles,Quick Lasers
homingMissile,Homing Mussels,Heat-seeking mussel launcher.,,,15,TRUE,1,DeepSea_002,,,
seaGarlic,Sea Garlic,It's like garlic to a vampire. For for fish.,,,9,TRUE,1,Reef_003,,,
shrimpRing,Shrimp Ring,Shrimp is the bible for seals.,1:Opens a full ring of orbiting shrimp,,15,TRUE,1,Reef_003,,,
bounceShot,Periwinkle Poppers,"All balls, no pit.",,,6,TRUE,1,OpeanOcean_003,,,
laserEyes,Laser Eyes,A seal that shots lasers from its eyeballs.,,,6,TRUE,1,DeepSea_001,,,
bubbleJet,Bubba's Bubble Beam,A wiggly shmup beam.,,,6,TRUE,1,DeepSea_002,,,
electricEel,Electric Eel Friend,An Eel Buddy!,,,8,TRUE,1,Beach_003,,,
starfish,Surf Ninja,Sea Star Shurikens,,,8,TRUE,1,SeaStar,,,
seagullBomb,Seagull Bomb,Gulls go boom.,,,8,TRUE,1,Seagull,,,
sealTeam,Seal Team,Squad up! Add up to 6 seals to your team...,6:EVOLVE: the whole squad opens fire while it orbits.,,6,TRUE,1,SeaLion,,,
beluga,Baby Beluga Bubble Blaster,Is your mama home?,,,8,TRUE,1,DeepSea_003,,,
strikePower,Chain Gang,Combos up!,,,5,TRUE,1,MoorishIdol,,,
strikeDash,Striker,Dash and Strike damage up!,,,5,TRUE,1,Reef_002,,,
strikeShrapnel,The Bone Zone,Dash to unleash the bones of your prey.,,,6,TRUE,1,TidePool_001,,,
strikeCharge,Epic Seal Time,Elevated seal systems.,,,4,TRUE,1,TidePool_002,,,
boosterPack,Booster Pack,More boost pips.,,,6,TRUE,1,TidePool_002,,,
breachChain,Big Willy Style,Bonuses on breach.,,,3,TRUE,1,TidePool_003,,,
oxygenMax,Yoga,"Breathe deeper, {player}. ",,,5,TRUE,1,Beach_003,,,
oxygenRefill,Mammal Mode,More oxygen while breached.,,,5,TRUE,1,Reef_002,,,
bakalar,Bakalar's Boat,Bossman Bakalar drops Giant Bombs dropped on the 'net.,,,8,TRUE,1,TidePool_001,,,
calamari,Calamari Ring,Ring of squid.,,,8,TRUE,1,VampireSquid,,,
dumbo,Dumbo Octopus,Charms nearby enemies with it's cute self.,,,8,FALSE,1,DumboOctopus,,,
harp,Harp Seal,Charming music for cherubs.,,,8,FALSE,1,SeaAnemone,,,
scallopSquirter,Scallop Squirter,Bubble Blasters,,,12,FALSE,1,SeaAnemone,,,
oysterBlaster,Oyster Blaster,Exploding pearl shot.,,,8,TRUE,1,Periwinkles,,,
razorClam,Bivalve Blades,Razor clam shells that slice and dice.,,,8,TRUE,1,Periwinkles,,,
sardineSwirl,Sardine Swirl,Silvery death.,,,8,TRUE,1,Sardines,,,
octoGrab,Octopus Grabber,Tentacles reel fish in. ,,,8,TRUE,1,Octopus,,,
orcaFamily,Orca Family,Buds that'll break boats.,,,3,TRUE,1,OpeanOcean_001,,,
dolphinPod,Dolphin Pod,{effect} ,,,6,FALSE,1,DeepSea_002,,,
musselVolley,Bearded Barrage,Your strike launches homing mussels.,1:Full-charge strike fires 8 homing mussels at once,,5,TRUE,1,Reef_002,,,
projectileAmount,+1,One more of all your things.,,,3,TRUE,0.5,Beach_002,,,
orbiterAmount,Entourage,More friends.,"1:One more of every companion on a ring around you — shrimp, escorts, harps, clubs",,3,TRUE,0.5,OpeanOcean_001,,,
areaOfEffect,Splash Zone,{effect} ,,,5,TRUE,0.6,Reef_003,,,
companionSize,Big Rigz,Companion size up!,,,5,TRUE,0.6,Humpback,,,
biolumShock,Shocker!,Electic shots and strikes.,,,6,TRUE,0.2,AnglerFish,,{element} Pebbles,{element} Lasers
biolumVenom,Poisoned!,All poison everything.,,,6,TRUE,0.2,AnglerFish,,{element} Pebbles,{element} Lasers
biolumChill,A chill guy.,Wicked chill.,,,6,TRUE,0.2,AnglerFish,,{element} Pebbles,{element} Lasers
biolumInfection,Infected!,Call the CDC.,,,6,TRUE,0.2,AnglerFish,,{element} Pebbles,{element} Lasers
club,Basic Baby Club,Taking the power back.,"1:Straps a club to each fin tip — swim faster, swing harder. Everything it touches is thrown.",,6,TRUE,1,SeaLion,,,
clubThrow,Jugglin' Club,Clown styley. ,"1:Releasing a strike throws clubs that seek what you painted, and shove what they find|2:Another club on the ring around you — unless the Hurler is what your fins are holding",,5,TRUE,1,SeaLion,,,
clubBoom,Boom Boom Club,Explosive clubbing.,1:Club hits go off in a blast that catches the crowd behind them|2:Another club on the ring around you — unless Boom Boom Club is what your fins are holding,,5,TRUE,1,DeepSea_003,,,
clubIce,Iced Out in the Club,Freeze!,"1:Club hits stack a slow, and lock the body when it maxes|2:Another club on the ring around you — unless Cold Snap is what your fins are holding",,5,TRUE,1,OpeanOcean_003,,,
clubZap,Electric Club,Zappin' Up!,1:Zap a bunch of fish|2:Zap fishes,,5,TRUE,1,DeepSea_003,,,
clubPower,Clubs Going Up!,"Bigger, badder clubs.","1:Every club in the run — swung, caromed, thrown or orbiting — hits harder and throws further",,5,TRUE,1,SeaStar,,,
homingShot,Homing Anemone ,Fin shots homing in on enemies.,"1:Every shot you fire curves onto a target, favouring the big ones",,5,TRUE,1,SeaAnemone,,Pigeon Powered Homing Pebbles,Homing Lasers
maneater,Maneater,"Eat human flesh, increase seal strength.",,,5,TRUE,0.7,GreatWhite,,,
ironLung,Iron Lung,More air = more damage.,,,5,TRUE,0.7,Humpback,,,
