card,model,flip,count,size,back,belly,bg,knock,colGap,rowGap,padX,padY,drop,rotate,rotateVary,yaw,roll,sway,loop,clip,bio,bioColor,bioSpeed,bioScale,bioContrast,bioCoverage,bioPan,bioEvolve,notes
2 fish,brownfish,,2,2.438,#336B99,#F0F7FA,#767C82,,,,,,,,,,,,,,,,,,,,,,"the school: count is how many sardines the face holds, size is a body length in tank units (x the tuner's fishSize). bg is the tank's BACKGROUND — the water behind the bodies, per card, and the first thing that says whether a card is a red suit or a black one. The tuner's tankBg scales all of them at once. colGap/rowGap scale this card's pip formation and padX/padY its seat padding (world units); blank means the tuner's pipColGap/pipRowGap/fishPadX/fishPadY. drop biases the formation down the card, rotate leans every body and rotateVary scatters each around that lean — blank means pipDrop/pipRotate/pipRotateVary. All of them are signed, so blank and 0 are different answers. The panel's card rows write them"
3 fish,sardine,,3,2.846,#336B99,#F0F7FA,#767C82,,,,,,,,,,,,,,0,#66FFE0,,,,,,,
4 fish,sardine,,4,1,#336B99,#F0F7FA,#767C82,,,,,,,,,,,,,,,,,,,,,,
5 fish,dancingcrab,,5,1.2,#336B99,#F0F7FA,#767C82,,,,,,,,,,,,,,2,#C8256E,,2.371,,,,,
6 fish,brownfish,,6,2.143,#9A6B99,#F0F7FA,#767C41,,2,1.622,,,0.8,,,,,,,,2,#FF626E,0,0.7966,,,,,
7 fish,sardine,,7,1,#336B99,#F0F7FA,#767C82,,,,,,,,,,,,,,,,,,,,,,
8 fish,sardine,,8,1,#336B99,#F0F7FA,#767C82,,,,,,,,,,,,,,2,#66FFE0,,,,,,,
9 fish,stingray,,9,1.867,#336B99,#F0F7FA,#767C82,,1.259,1.468,,0.2815,0.2861,,0,,,,,,0.8933,#660334,,,,,,,
10 fish,mightymeg,,10,1.193,#336B99,#F0F7FA,#767C82,,,,,,,,,,,,,,,,,,,,,,
2 star,clownfish,,2,2.74,#D8521E,#F6E7D2,#767C82,,,,,,,,,,,,,,0,#66FFE0,,,,,,,"every number card is a school of its suit's fish, as many bodies as the rank — the count IS the number; no pips are drawn. Small-fish pool: sardine clownfish tang brownfish surgeonfish tunafish fish2 puffer"
3 star,clownfish,,3,1.593,#D8521E,#F6E7D2,#767C82,,,,,,,,,,,,,,2,#FF49E0,,,,,,,
4 star,seaturtle,,4,1.748,#D8521E,#F6E7D2,#767C82,,1.76,0.6109,,,,,,0.9305,0.1046,,,,2,#663214,,,,,,,
5 star,clownfish,,5,1,#D8521E,#F6E7D2,#767C82,,,,,,,,,,,,,,,,,,,,,,
6 star,clownfish,,6,1,#D8521E,#F6E7D2,#767C82,,,,,,,,,,,,,,,,,,,,,,
7 star,clownfish,,7,1,#D8521E,#F6E7D2,#767C82,,,,,,,,,,,,,,,,,,,,,,
8 star,clownfish,,8,1,#D8521E,#F6E7D2,#767C82,,,,,,,,,,,,,,,,,,,,,,
9 star,flowerhatjelly,,9,1,#D8521E,#6CFF6C,#797C82,,,,,,,,,,,,,,,,,,,,,,
10 star,clownfish,,10,1,#D8521E,#F6E7D2,#767C82,,,,,,,,,,,,1,,1.037,#B4291F,,,,,,,
2 bubble,tang,,2,3.019,#2A4BA0,#E6E4B8,#767C82,,,2,,,0.8,,0,,,,,,2,#66856F,0.3073,0.1922,,,,0.4774,
3 bubble,tang,,3,3.019,#2A4BA0,#E6E4B8,#767C82,,,2,,,0.8,,0,,,,,,2,#66856F,0.3073,0.1922,,,,0.4774,
4 bubble,tang,,4,3.019,#2A4BA0,#E6E4B8,#767C82,,,2,,,0.8,,0,,,,,,2,#66856F,0.3073,0.1922,,,,0.4774,
5 bubble,tang,,5,3.019,#2A4BA0,#E6E4B8,#767C82,,,2,,,0.8,,0,,,,,,2,#66856F,0.3073,0.1922,,,,0.4774,
6 bubble,tang,,6,3.019,#2A4BA0,#E6E4B8,#767C82,,,2,,,0.8,,0,,,,,,2,#66856F,0.3073,0.1922,,,,0.4774,
7 bubble,tang,,7,3.019,#2A4BA0,#E6E4B8,#767C82,,,2,,,0.8,,0,,,,,,2,#66856F,0.3073,0.1922,,,,0.4774,
8 bubble,flowerhatjelly,,8,1.342,#2A4BA0,#E6E4B8,#767C52,,1.184,1.432,,,0.8,,0,,,,,,2,#66856F,0.3073,0.1922,,,,0.4774,
9 bubble,tang,,9,3.019,#2A4BA0,#E6E4B8,#767C82,,,2,,,0.8,,0,,,,,,2,#66856F,0.3073,0.1922,,,,0.4774,
10 bubble,tang,,10,1.244,#2A4BA0,#E6E4B8,#767C80,,1.769,1.321,,,0.8,,0,,,,,,2,#66856F,0.3073,0.1922,,,,0.4774,
2 shell,brownfish,,2,2.752,#6E4A2E,#E3D2B8,#767C82,,,,,,,,,,,,,,1.362,#0062BA,,,,,,,
3 shell,cutesquid,,3,2.416,#6E4AFF,#4FDBC0,#768582,,,,,,,,,,,,,,,,,,,,,,
4 shell,dancingcrab,,4,1.491,#6E4A2E,#E3D2B8,#767C82,,,,0.2203,0.3399,,,,,,,,,,,,,,,,,
5 shell,sailfish,,5,2.267,#754ACE,#E3D2B8,#767C82,,,0.8432,0.01627,0.05953,0.252,,,-0.8377,,,,,2,#00B134,,,,,,,
6 shell,brownfish,,6,1.93,#6E4A2E,#E3D2B8,#767C82,,2,1.401,,,0.7027,,,,,,,,2,#00229B,,,,,,1.183,
7 shell,brownfish,,7,1,#6E4A2E,#E3D2B8,#767C82,,,,,,,,,,,,,,,,,,,,,,
8 shell,brownfish,,8,1,#6E4A2E,#E3D2B8,#767C82,,,,,,,,,,,,,,,,,,,,,,
9 shell,tunafish,,9,1.345,#6E4A2E,#E3D2B8,#767C82,,,,0.1553,0.2327,,,,,,,,,,,,,,,,,
10 shell,brownfish,,10,1,#6E4A2E,#E3D2B8,#767C82,,,,,,,,,,,,,,,,,,,,,,
A fish,sailfish,,1,4.046,#4A5C6E,#E8ECEE,#767C82,,,,,,,,,,,0,0,,2,#A7120E,,,,,,,"ACES: an apex predator. Pool (public/models): greatwhite hammerhead megalodon mightymeg mosasaurus orca_male orca_female shark sailfish barracuda giantsquid anglerfish whale. Swap the model name, then `npm run sealitaire:fish` rebakes the pack"
A star,furseal,,1,3,#151A22,#F2F2F0,#767C82,,,,,,,,,-0.1973,1.606,0,0,,2,#FF5AFF,,,,,,,
A bubble,hammerhead,,1,7.663,#5A6B72,#E6E9E8,#767C82,,,,,,,,,1.57,,0,0,,0,#66FFE0,,,,,,,
A shell,furseal,,1,4.893,#B94A55,#D9DEE0,#767C82,,,,,,,0.8054,,1.57,,0,0,,2,#418A4B,,,,,,,
J fish,humpback,,1,5.098,#FF6A82,#E42219,#767C82,,,,,,,,1.57,,1.234,,,,2,#664391,,,,,,,COURT: the Seal Survivor roster. Pool: dolphin seaturtle puffer sailfish stingray furseal sealhelper humpback whale giantsquid crabpincer octopus_rig jellyfish manowar cutesquid tunafish clownfish surgeonfish tang brownfish fish2 squid barracuda
J star,sailfish,,1,3.897,#24476B,#DDE6EC,#767C82,,,,,,,,,,,,,,0,#66FFE0,,,,,,,
J bubble,seaturtle,,1,3.524,#3E5F3A,#D8CFA8,#767C82,,,,,,,,,,1.385,0,,,0,#66FFE0,,,,,,,
J shell,dancingcrab,,1,3.755,#8C7A3E,#F2E8C4,#767C82,,,,,,,,,,,,,,0,#66FFE0,,,,,,,
Q fish,orca_female,,1,9.48,#151A22,#F2F2F0,#767C82,,,,,,0.0244,,,1.295,,0,,,0.66,#FF5600,,,,,,,
Q star,furseal,,1,3.469,#4E3A2A,#B69A7C,#767C82,,,,,,,,,,,,0,,0,#66FFE0,,,,,,,
Q bubble,orca_male,,1,4.142,#4A4E58,#E0E0DC,#767C82,,,,,,,,,,,,,,0,#66FFE0,,,,,,,
Q shell,greatwhite,,1,3.766,#B27AA8,#F3DCEF,#767C82,,,,,,,,,,,,,,0,#66FFE0,,,,,,,
K fish,humpback,,1,10,#2E3A48,#C9D2D8,#767C82,,,,,,,,,1.225,,,,,0,#66FFE0,,,,,,,
K star,megalodon,,1,3,#8A3A2E,#E2B9A6,#767C82,,,,,,,,,,,0,,,,,,,,,,,
K bubble,crabpincer,,1,4.224,#B8422A,#E8B48F,#767C82,,,,,,,,,,1.181,,,,2,#B871A8,,,,,,,
K shell,mightymeg,,1,5.448,#7A3E5A,#E4B8C8,#767C82,,,,,,,,,1.57,0.3072,0,,,0,#66FFE0,,,,,,,
